{
    "epochs": 30,
    "batch_size": 64,
    "lr": 3.6738536784615326e-05,
    "weight_decay": 0.00013765264237322166,
    "pos_weight": 4.730833317600881,
    "d_model": 256,
    "n_heads": 8,
    "n_layers": 3,
    "ffn_dim": 256,
    "dropout": 0.15966425771426807,
    "head_dropout": 0.4187412074750333,
    "patch_len": 32,
    "patch_stride": 64,
    "use_focal": false,
    "use_onecycle": false,
    "patience": 5
}
